model_name,run_tag,objective_total,operation_cost,carbon_cost,ess_deg_cost,ev_deg_cost,recover_penalty_cost,grid_import_energy_kwh,grid_export_energy_kwh,pv_curtail_energy_kwh,load_shed_energy_kwh,ess_charge_energy_kwh,ess_discharge_energy_kwh,ev_charge_energy_kwh,ev_discharge_energy_kwh,solver_status,solve_time_seconds
p2_lifecycle,final_smoke,6663.978919532786,6582.791724225,0.0,52.8694736625,28.317721645275036,5.473272600000001,9709.198335,0.0,0.0,0.0,1010.5263150000001,912.0,556.1052632625,114.38,Optimal,0.2884386000005179
p2_lifecycle,model_check_p2,6663.978917832786,6582.791722524999,0.0,52.8694736625,28.317721645275036,5.473272600000001,9709.1983325,0.0,0.0,0.0,1010.526315,912.0,556.1052632625,114.38,Optimal,0.3207380000021658
p2_lifecycle,policy_override_test,2151.1794766394423,2118.5590415625,0.0,26.43473683125,6.185698245692624,null,4227.72968875,0.0,0.0,0.0,505.2631575,456.0,149.2165321875,0.0,Optimal,null
p2_lifecycle,policy_suv_v2b,2151.2389088247196,2118.5590421250004,0.0,26.43473683125,6.245129868473749,null,4227.7296895,0.0,0.0,0.0,505.2631575,456.0,149.2165321875,0.0,Optimal,null
p2_lifecycle,test_single,6643.873872948991,6575.992335725,0.0,52.8694736625,15.012063561468764,null,9713.4486675,0.0,0.0,0.0,1010.526315,912.0,577.8337951125001,133.98999999999998,Optimal,null
p2_lifecycle,verify_base,6658.484327232787,6577.297131925,0.0,52.8694736625,28.317721645275036,0.0,9711.330132499997,0.0,0.0,0.0,1010.5263150000001,912.0,556.1052632625,114.38,Optimal,0.3171301999973366
p2_lifecycle,verify_evhet,6657.916987710401,6577.297133624998,0.0,52.8694736625,27.75038042293991,0.0,9711.330135,0.0,0.0,0.0,1010.5263150000001,912.0,556.1052632625,114.38,Optimal,0.3159488000019337
p1_coordinated,p1_ultimate_latest,39467.456089,38973.219277,0.0,369.390665,124.846147,null,65263.89581749999,0.0,0.0,0.0,7060.3878075,6372.0,2485.5180058225,397.235,null,null
baseline_noncooperative,baseline_default,46410.377967,46304.527348,0.0,12.54,93.31062,null,63760.2652,0.0,0.0,0.0,0.0,456.0,2164.0652,0.0,null,null
