event_id,window,pv_mean_event_kw,pv_mean_normal_kw,irr_mean_event_wm2,irr_mean_normal_wm2,pv_drop_ratio
stress_event_1,2025-07-16 11:00-14:00,157.55384615384617,458.3153846153847,268.9230769230769,782.3153846153847,0.656232691629882
