ev_type,session_count,v2b_allowed_sessions,v2b_active_sessions_discharge,v2b_allowed_share,total_charge_energy_kwh,total_discharge_energy_kwh,total_throughput_kwh,total_ev_degradation_cost_cny
SUV,31,19,14,0.6129032258064516,903.4238228075001,134.76000000000002,519.09191140375,73.50965051885487
compact,40,27,15,0.675,909.0526317000001,142.88,525.96631585,105.85327355687043
sedan,29,22,10,0.7586206896551724,667.7008311149999,114.77500000000002,391.23791555749995,69.7095669739602
