{
  "grid_import_cost": 38634.839986050036,
  "grid_export_revenue": 0.0,
  "carbon_cost": 0.0,
  "pv_curtail_penalty": 0.0,
  "building_shift_penalty": 338.69999999999595,
  "load_shed_penalty": 0.0,
  "ess_degradation_cost": 738.7813294124999,
  "ev_degradation_cost": 249.07249104968574,
  "operation_cost": 38973.53998605003,
  "objective_from_solver": 39961.39380651187,
  "objective_recomputed": 39961.39380651222,
  "objective_abs_gap": 3.4924596548080444e-10
}