ess_deg_weight,ev_deg_weight,solver_status,objective_total,objective_recomputed,operation_cost,ess_deg_cost,ev_deg_cost,ess_throughput,ev_throughput,grid_import_energy,grid_export_energy,pv_curtail_energy
0.0,0.0,Optimal,2118.5590415624974,2118.5590415625,2118.5590415625,0.0,0.0,480.63157875,74.60826609375,4227.72968875,0.0,0.0
1.0,1.0,Optimal,2151.23890826222,2151.2389082622244,2118.5590415625006,26.43473683125,6.245129868473749,480.63157875,74.60826609375,4227.72968875,0.0,0.0
