ev_power_scale,operation_cost,ev_throughput_kwh,ev_discharge_energy_kwh,ess_throughput_kwh,peak_grid_purchase_kw,solver_status
0.8,6584.872103275001,329.23473685749883,108.68000000000008,961.2631575,889.7,Optimal
1.0,6577.297131925,335.24263163125,114.38,961.2631575,889.7,Optimal
1.2,6571.446630325001,341.2505262900007,120.07999999999991,961.2631575,895.2,Optimal
