{
  "grid_import_cost": 6554.7964424249985,
  "grid_export_revenue": 0.0,
  "carbon_cost": 0.0,
  "pv_curtail_penalty": 0.0,
  "building_shift_penalty": 22.500691199999984,
  "recover_penalty_cost": 0.0,
  "load_shed_penalty": 0.0,
  "ess_degradation_cost": 52.8694736625,
  "ev_degradation_cost": 27.75038042293991,
  "operation_cost": 6577.297133624998,
  "objective_from_solver": 6657.916987710401,
  "objective_recomputed": 6657.916987710439,
  "objective_abs_gap": 3.728928277269006e-11
}