{
  "grid_import_energy_kwh": 9713.448667499999,
  "grid_export_energy_kwh": 0.0,
  "pv_curtail_energy_kwh": 0.0,
  "ess_charge_energy_kwh": 1010.5263150000001,
  "ess_discharge_energy_kwh": 912.0,
  "ess_throughput_kwh": 961.2631575,
  "ev_charge_energy_kwh": 577.8337951125001,
  "ev_discharge_energy_kwh": 133.98999999999998,
  "ev_throughput_kwh": 355.91189755625004,
  "load_shed_energy_kwh": 0.0
}