ev_type,session_count,v2b_allowed_sessions,v2b_active_sessions_discharge,v2b_allowed_share,total_charge_energy_kwh,total_discharge_energy_kwh,total_throughput_kwh,total_ev_degradation_cost_cny
SUV,31,19,14,0.6129032258064516,908.7645430075002,139.58,524.17227150375,37.064727225527456
compact,40,27,15,0.675,909.0526317000001,142.88,525.96631585,52.92663677843522
sedan,29,22,10,0.7586206896551724,667.7008311149999,114.77500000000002,391.23791555749995,34.8547834869801
