parameter,low_scenario,high_scenario,low_change_pct,high_change_pct,max_abs_change_pct
PV出力缩放,PV=0.9,PV=1.1,4.373463661901026,-4.373463661901007,4.373463661901026
EV可用性缩放,EV=0.8,EV=1.2,0.11516845290799574,-0.08894993616150014,0.11516845290799574
寿命权重,w=0,w=2,-0.028497314133698697,0.0008228994318570657,0.028497314133698697
