ess_deg_weight,ev_deg_weight,solver_status,objective_total,objective_recomputed,operation_cost,ess_deg_cost,ev_deg_cost,ess_throughput,ev_throughput,grid_import_energy,grid_export_energy,pv_curtail_energy
0.0,0.0,Optimal,38962.11295492475,38962.11295492504,38962.11295492504,0.0,0.0,6728.842102499999,1615.29978544,65283.01877250004,0.0,0.0
0.1,0.1,Optimal,39013.09060169,39013.0906016908,38962.11295847503,37.008631563750015,13.96901165201614,6728.842102499999,1615.29978544,65283.01877750004,0.0,0.0
0.5,0.5,Optimal,39216.78032843792,39216.780328438246,38962.23993782504,184.69533235312497,69.84505826008053,6716.193903749999,1615.29978544,65281.72237750003,0.0,0.0
1.0,1.0,Optimal,39467.456087846964,39467.456087847226,38973.21927565004,369.39066470624994,124.84614749094287,6716.193903749999,1441.3765029112503,65263.89581499998,0.0,0.0
2.0,2.0,Optimal,39961.39380651187,39961.39380651222,38973.53998605003,738.7813294124999,249.07249104968574,6716.193903749999,1436.29614281125,65263.375095000025,0.0,0.0
