{
  "grid_import_cost": 2117.5490415625004,
  "grid_export_revenue": 0.0,
  "carbon_cost": 0.0,
  "pv_curtail_penalty": 0.0,
  "building_shift_penalty": 1.0099999999999998,
  "load_shed_penalty": 0.0,
  "ess_degradation_cost": 26.43473683125,
  "ev_degradation_cost": 6.245129868473749,
  "operation_cost": 2118.5590415625006,
  "objective_from_solver": 2151.23890826222,
  "objective_recomputed": 2151.2389082622244,
  "objective_abs_gap": 4.547473508864641e-12
}