ev_type,session_count,v2b_allowed_sessions,v2b_active_sessions_discharge,v2b_allowed_share,total_charge_energy_kwh,total_discharge_energy_kwh,total_throughput_kwh,total_ev_degradation_cost_cny
SUV,8,5,4,0.625,258.1772852600002,52.885,155.5311426300001,11.097251569820006
compact,6,5,3,0.8333333333333334,118.10526317499993,16.435000000000002,67.27013158749998,6.775398685099995
sedan,6,6,4,1.0,186.13850414499984,50.76000000000001,118.44925207249993,10.927494791822484
