{
  "grid_import_cost": 6548.945939125001,
  "grid_export_revenue": 0.0,
  "carbon_cost": 0.0,
  "pv_curtail_penalty": 0.0,
  "building_shift_penalty": 22.500691199999984,
  "load_shed_penalty": 0.0,
  "ess_degradation_cost": 52.8694736625,
  "ev_degradation_cost": 28.800145046742546,
  "operation_cost": 6571.446630325001,
  "objective_from_solver": 6653.11624903422,
  "objective_recomputed": 6653.116249034244,
  "objective_abs_gap": 2.3646862246096134e-11
}