ev_type,session_count,v2b_allowed_sessions,v2b_active_sessions_discharge,v2b_allowed_share,total_charge_energy_kwh,total_discharge_energy_kwh,total_throughput_kwh,total_ev_degradation_cost_cny
SUV,31,19,18,0.6129032258064516,978.2770083500001,202.315,590.296004175,4.185181775076011
compact,40,27,21,0.675,964.0941829525002,192.55499999999998,578.3245914762501,5.824964205584243
sedan,29,22,17,0.7586206896551724,725.9833795774999,167.375,446.67918978874997,3.9588656713557526
