{
  "grid_import_cost": 2117.5490415625,
  "grid_export_revenue": 0.0,
  "carbon_cost": 0.0,
  "pv_curtail_penalty": 0.0,
  "building_shift_penalty": 1.0099999999999998,
  "load_shed_penalty": 0.0,
  "ess_degradation_cost": 13.217368415625,
  "ev_degradation_cost": 3.1225649342368746,
  "operation_cost": 2118.5590415625,
  "objective_from_solver": 2134.898974912362,
  "objective_recomputed": 2134.898974912362,
  "objective_abs_gap": 0.0
}