ev_type,session_count,v2b_allowed_sessions,v2b_active_sessions_discharge,v2b_allowed_share,total_charge_energy_kwh,total_discharge_energy_kwh,total_throughput_kwh,total_ev_degradation_cost_cny
SUV,8,5,4,0.625,249.97783934499964,45.485,147.7314196724998,10.511850741360004
compact,6,5,3,0.8333333333333334,118.10526317500012,16.435000000000002,67.27013158750006,6.775398685099995
sedan,6,6,4,1.0,181.7063711950003,46.75999999999999,114.23318559750014,10.548048809072537
